﻿international_applicants,url,picture,detail
Life as an international student,,,Watch our video to find out what it's like to study at Oxford as an international graduate student.
Our international community,https://www.ox.ac.uk/admissions/graduate/international-applicants/community,https://www.ox.ac.uk/sites/files/oxford/styles/ow_listing/s3/field/field_image_highlight/lorenzo-petralia-sword_27203893128_o.jpg?itok=ZrMXnJKA,We're committed to welcoming the brightest students from all over the world.
Advice for international applicants,https://www.ox.ac.uk/admissions/graduate/international-applicants/advice-international-applicants,https://www.ox.ac.uk/sites/files/oxford/styles/ow_listing/s3/field/field_image_main/Henry%20Lee%2C%20Magdalen%20College%202%20%28cropped%29_0.jpg?itok=JZdeG28B,Our guidance on making an application to Oxford as an international student. 
International qualifications,https://www.ox.ac.uk/admissions/graduate/international-applicants/international-qualifications,https://www.ox.ac.uk/sites/files/oxford/styles/ow_listing/s3/field/field_image_highlight/Long%20Cheng%2C%20Longwall%20Street%20%28cropped%29.jpg?itok=X0RJbhMa,Our guide to which grades and qualifications are considered equivalent to the University's entry requirements. 
English language requirements,https://www.ox.ac.uk/admissions/graduate/international-applicants/english-language-requirements,https://www.ox.ac.uk/sites/files/oxford/styles/ow_listing/s3/field/field_image_main/Yin%20Yin%20Lu_OED%20Slips.jpg?itok=klGi5en_,International students must be able to meet the University's requirements for English language proficiency.
Visas and immigration,https://www.ox.ac.uk/admissions/graduate/international-applicants/visas-and-immigration,https://www.ox.ac.uk/sites/files/oxford/styles/ow_listing/s3/field/field_image_highlight/GAF-Bodleian-corridor-Ming-Du.jpg?itok=ujGVKM02,"On this page, you can find more information about visa requirements and the Academic Technology Approval Scheme (ATAS)."